,RK,Player,Team,,,Pos,G,AB,R,H,2B,3B,HR,RBI,BB,SO,SB,CS,AVG,OBP,SLG,OPS,IBB,HBP,SAC,SF,TB,XBH,GDP,GO,AO,GO_AO,NP,PA
0,1,"Fletcher, D",LAA,Y,664058,SS,5,12,5,8,1,0,0,3,1,0,2,0,.667,.692,.750,1.442,0,0,0,0,9,1,1,3,2,1.50,21,13
1,2,"Marte, J",LAA,Y,527043,1B,5,10,2,6,3,0,0,1,2,1,1,0,.600,.692,.900,1.592,0,1,0,0,9,3,0,3,0,*.**,28,13
2,3,"Merrifield, W",KC,Y,593160,2B,4,11,5,6,2,1,1,3,0,1,0,0,.545,.545,1.182,1.727,0,0,0,0,13,4,0,2,2,1.00,16,11
3,4,"Puello, C",ARI,Y,527049,OF,6,13,4,7,3,0,0,4,1,2,0,0,.538,.600,.769,1.369,0,1,0,0,10,3,0,0,4,0.00,57,15
4,5,"Allen, G",CLE,Y,656185,CF,7,15,5,8,2,1,0,5,1,3,1,0,.533,.563,.800,1.363,0,0,0,0,12,3,0,3,1,3.00,37,16
5,6,"Freeman, M",CHC,Y,502273,SS,5,12,6,6,1,0,1,6,2,2,1,0,.500,.571,.833,1.405,0,0,0,0,10,2,0,2,2,1.00,24,14
6,6,"Orf, N",MIL,Y,644337,2B,6,10,5,5,1,0,1,1,5,1,0,0,.500,.667,.900,1.567,0,0,0,0,9,2,0,1,3,0.33,37,15
7,6,"Villanueva, C",SD,Y,570799,3B,5,14,2,7,0,0,2,7,0,4,0,0,.500,.500,.929,1.429,0,0,0,0,13,2,0,1,2,0.50,30,14
8,9,"McMahon, R",COL,Y,641857,1B,7,17,3,8,3,0,0,3,1,0,0,0,.471,.500,.647,1.147,0,0,0,0,11,3,1,7,3,2.33,53,18
9,10,"Delmonico, N",CWS,Y,547170,LF,5,15,1,7,4,0,0,3,0,2,0,0,.467,.438,.733,1.171,0,0,0,1,11,4,1,5,3,1.67,21,16
10,10,"Perez, H",MIL,Y,541650,LF,5,15,1,7,2,1,0,8,0,2,1,0,.467,.467,.733,1.200,0,0,0,0,11,3,0,1,5,0.20,33,15
11,12,"Calhoun, W",TEX,Y,641432,LF,5,13,4,6,0,0,1,3,2,1,1,0,.462,.533,.692,1.226,0,0,0,0,9,1,1,5,2,2.50,24,15
12,12,"Garcia, A",STL,Y,666969,OF,6,13,5,6,1,0,1,4,2,1,0,0,.462,.563,.769,1.332,0,1,0,0,10,2,0,5,1,5.00,27,16
13,14,"Mundell, B",COL,Y,621521,1B,7,11,0,5,0,0,0,4,3,2,0,0,.455,.533,.455,.988,0,0,0,1,5,0,0,1,4,0.25,46,15
14,14,"Saladino, T",CWS,Y,573135,2B,5,11,1,5,1,0,0,2,1,0,1,0,.455,.538,.545,1.084,0,1,0,0,6,1,2,4,4,1.00,16,13
15,16,"Munoz, Y",STL,Y,622168,SS,5,16,3,7,1,0,2,5,0,2,1,0,.438,.438,.875,1.313,0,0,0,0,14,3,0,3,4,0.75,25,16
16,17,"Andujar, M",NYY,Y,609280,3B,5,14,5,6,1,0,4,5,0,3,0,0,.429,.429,1.357,1.786,0,0,0,0,19,5,0,3,2,1.50,26,14
17,17,"d'Arnaud, C",SF,Y,488818,3B,6,14,3,6,2,0,0,2,0,2,3,0,.429,.429,.571,1.000,0,0,0,0,8,2,0,0,6,0.00,20,14
18,17,"Franklin, N",MIL,Y,545338,SS,6,14,6,6,1,0,1,5,2,3,0,0,.429,.500,.714,1.214,0,0,0,0,10,2,1,4,2,2.00,33,16
19,17,"Wren, K",MIL,Y,592881,CF,6,14,3,6,0,1,0,2,2,4,1,1,.429,.500,.571,1.071,0,0,0,0,8,1,0,3,1,3.00,30,16
20,21,"Belt, B",SF,Y,474832,1B,4,12,2,5,1,0,0,0,1,2,1,0,.417,.462,.500,.962,0,0,0,0,6,1,0,1,4,0.25,20,13
21,21,"Calixte, O",SF,Y,593525,SS,6,12,3,5,0,0,0,1,1,2,1,0,.417,.462,.417,.878,0,0,0,0,5,0,0,3,2,1.50,20,13
22,21,"Hanson, A",SF,Y,593700,2B,5,12,2,5,0,1,0,3,1,3,0,0,.417,.462,.583,1.045,0,0,0,0,7,1,0,4,0,*.**,22,13
23,21,"Mercado, O",STL,Y,640458,CF,6,12,2,5,0,0,0,2,3,2,3,0,.417,.500,.417,.917,0,0,0,1,5,0,0,3,3,1.00,29,16
24,25,"Voit, L",STL,Y,572228,1B,6,17,3,7,2,0,0,4,2,1,0,0,.412,.474,.529,1.003,0,0,0,0,9,2,0,7,2,3.50,30,19
25,26,"Goodrum, N",DET,Y,592348,3B,7,15,4,6,3,0,1,1,1,1,3,0,.400,.438,.800,1.238,0,0,0,0,12,4,0,4,4,1.00,22,16
26,26,"Sardinas, L",BAL,Y,596143,SS,6,15,0,6,1,0,0,3,1,2,0,1,.400,.438,.467,.904,0,0,0,0,7,1,0,6,1,6.00,25,16
27,26,"Swihart, B",BOS,Y,596119,C,5,15,3,6,4,0,1,5,2,3,0,0,.400,.471,.867,1.337,0,0,0,0,13,5,0,2,4,0.50,34,17
28,26,"Tavarez, A",BOS,Y,606477,OF,7,15,3,6,0,1,0,1,0,3,0,0,.400,.400,.533,.933,0,0,0,0,8,1,0,4,2,2.00,21,15
29,30,"Cordero, F",SD,Y,614173,CF,5,13,2,5,2,0,2,3,1,5,0,0,.385,.429,1.000,1.429,0,0,0,0,13,4,0,1,2,0.50,33,14
30,30,"Davis, J",HOU,Y,605204,3B,5,13,4,5,2,0,2,4,2,3,0,0,.385,.467,1.000,1.467,0,0,0,0,13,4,0,3,2,1.50,27,15
31,30,"Gomez, M",SF,Y,622497,2B,7,13,4,5,1,0,1,4,0,1,0,0,.385,.357,.692,1.049,0,0,0,1,9,2,0,3,5,0.60,18,14
32,33,"Arozarena, R",STL,Y,668227,OF,5,16,2,6,0,0,1,2,1,5,0,0,.375,.412,.563,.974,0,0,0,0,9,1,1,5,1,5.00,33,17
33,34,"Fisher, D",HOU,Y,605233,LF,5,11,3,4,0,1,0,2,4,3,0,0,.364,.533,.545,1.079,0,0,0,0,6,1,0,2,2,1.00,33,15
34,34,"Navarro, E",CHC,Y,519068,OF,5,11,0,4,1,0,0,4,2,4,0,1,.364,.429,.455,.883,0,0,0,1,5,1,0,2,2,1.00,29,14
35,34,"Realmuto, J",MIA,Y,592663,C,5,11,2,4,1,0,1,2,1,4,0,0,.364,.385,.727,1.112,0,0,0,1,8,2,0,1,3,0.33,25,13
36,34,"Rodriguez, N",CLE,Y,608364,IF,7,11,4,4,1,0,1,5,5,4,0,0,.364,.563,.727,1.290,0,0,0,0,8,2,0,0,3,0.00,42,16
37,34,"Shaffer, R",CLE,Y,572128,1B,6,11,4,4,0,1,2,9,4,5,0,0,.364,.533,1.091,1.624,0,0,0,0,12,3,0,2,0,*.**,44,15
38,34,"Taylor, C",LAD,Y,621035,LF,5,11,3,4,2,0,0,2,4,1,0,0,.364,.500,.545,1.045,0,0,0,1,6,2,0,2,5,0.40,33,16
39,40,"Bote, D",CHC,Y,623520,2B,6,14,2,5,0,1,0,2,2,3,0,0,.357,.438,.500,.938,0,0,0,0,7,1,0,3,3,1.00,28,16
40,40,"Castillo, R",BOS,Y,628329,OF,7,14,2,5,0,0,1,3,1,2,0,1,.357,.400,.571,.971,0,0,0,0,8,1,1,7,1,7.00,25,15
41,40,"Davidson, M",CWS,Y,571602,DH,5,14,4,5,1,0,2,7,2,4,0,0,.357,.438,.857,1.295,0,0,0,0,12,3,0,1,4,0.25,38,16
42,40,"Shaw, C",SF,Y,622046,LF,6,14,3,5,3,0,0,2,2,3,0,0,.357,.438,.571,1.009,0,0,0,0,8,3,0,2,4,0.50,30,16
43,40,"Walsh, C",LAA,Y,595023,2B,7,14,2,5,0,0,2,4,1,3,0,0,.357,.438,.786,1.223,0,1,0,0,11,2,0,4,2,2.00,41,16
44,40,"Williamson, M",SF,Y,607776,RF,6,14,3,5,1,0,2,7,0,5,0,0,.357,.357,.857,1.214,0,0,0,0,12,3,0,3,1,3.00,28,14
45,46,"Adrianza, E",MIN,Y,501303,SS,6,15,2,5,2,0,1,4,2,1,0,0,.333,.412,.667,1.078,0,0,0,0,10,3,0,5,4,1.25,25,17
46,46,"Albies, O",ATL,Y,645277,2B,5,15,1,5,1,0,0,0,1,4,2,0,.333,.375,.400,.775,0,0,0,0,6,1,1,3,4,0.75,27,16
47,46,"Choi, J",MIL,Y,596847,1B,6,12,2,4,1,0,1,2,3,0,0,0,.333,.500,.667,1.167,0,1,0,0,8,2,0,2,6,0.33,33,16
48,46,"Collins, T",KC,Y,607385,OF,5,9,4,3,0,0,0,0,2,1,1,0,.333,.455,.333,.788,0,0,0,0,3,0,0,2,3,0.67,20,11
49,46,"Liriano, R",LAA,Y,542642,RF,6,12,3,4,1,0,0,1,2,2,1,1,.333,.500,.417,.917,0,2,0,0,5,1,0,2,4,0.50,33,16
50,51,"Muno, D",NYM,Y,594940,2B,27,52,8,17,1,1,1,5,8,9,1,0,.327,.426,.442,.869,0,1,0,0,23,3,0,19,7,2.71,112,61
51,52,"Garcia, A",CWS,Y,541645,DH,21,68,7,22,3,0,2,10,4,11,1,2,.324,.370,.456,.826,0,1,0,0,31,5,3,24,14,1.71,168,73
52,52,"Peterson, J",ATL,Y,607054,2B,25,68,12,22,5,0,0,4,10,16,3,1,.324,.410,.397,.807,0,0,0,0,27,5,0,15,15,1.00,148,78
53,54,"Taylor, M",WSH,Y,572191,CF,21,65,12,21,5,2,4,7,2,15,1,1,.323,.343,.646,.989,0,0,0,0,42,11,1,17,13,1.31,118,67
54,55,"Nieuwenhuis, K",NYM,Y,543590,CF,24,59,12,19,5,0,0,5,9,18,0,0,.322,.412,.407,.819,1,0,0,0,24,5,0,9,13,0.69,139,68
55,55,"Peralta, D",ARI,Y,444482,LF,22,59,13,19,6,0,0,7,9,7,2,0,.322,.414,.424,.838,0,1,0,1,25,6,2,26,10,2.60,218,70
56,55,"Santana, D",MIN,Y,542454,SS,18,59,7,19,3,2,0,3,1,11,3,1,.322,.328,.441,.769,0,0,0,1,26,5,0,23,7,3.29,88,61
57,58,"Giavotella, J",LAA,Y,543213,2B,26,56,12,18,5,2,1,8,7,7,1,1,.321,.397,.536,.933,0,0,0,0,30,8,0,14,17,0.82,125,63
58,59,"Grossman, R",HOU,Y,543257,LF,21,53,11,17,2,0,1,4,6,11,0,2,.321,.383,.415,.798,0,0,0,1,22,3,3,16,13,1.23,122,60
59,59,"Pedroia, D",BOS,Y,456030,2B,20,53,5,17,3,0,1,8,6,6,1,0,.321,.390,.434,.824,0,0,0,0,23,4,2,19,13,1.46,92,59
60,61,"Young Jr., E",ATL,Y,458913,LF,24,78,17,25,6,1,1,8,8,10,7,0,.321,.391,.462,.852,0,1,1,0,36,8,1,34,11,3.09,140,88
61,62,"Ladendorf, T",OAK,Y,502285,2B,27,66,11,21,2,2,1,13,1,15,1,0,.318,.328,.455,.783,0,0,0,0,30,5,0,14,16,0.88,130,67
62,63,"Walker, N",PIT,Y,435522,2B,19,57,8,18,8,0,2,10,2,10,0,0,.316,.350,.561,.911,0,1,1,0,32,10,0,13,17,0.76,104,61
63,64,"Goins, R",TOR,Y,572365,2B,28,54,9,17,5,1,2,7,6,13,0,1,.315,.383,.556,.939,0,0,0,0,30,8,2,23,3,7.67,130,60
64,65,"Upton, J",SD,Y,457708,LF,18,51,8,16,7,0,3,7,4,13,0,1,.314,.357,.627,.985,0,0,0,1,32,10,1,10,14,0.71,187,56
65,66,"Martinez, J",DET,Y,502110,RF,24,67,14,21,4,0,5,11,8,13,0,0,.313,.403,.597,1.000,0,2,0,0,40,9,2,21,14,1.50,146,77
66,67,"Rollins, J",LAD,N,276519,SS,22,64,9,20,7,2,1,6,1,12,1,2,.313,.333,.531,.865,0,1,0,0,34,10,2,15,19,0.79,160,66
67,67,"Stanton, G",MIA,Y,519317,RF,19,48,7,15,6,0,4,14,7,13,1,0,.313,.393,.688,1.080,0,0,0,1,33,10,1,8,14,0.57,107,56
68,69,"Ahmed, N",ARI,Y,605113,SS,21,61,12,19,6,0,0,5,2,8,3,1,.311,.344,.410,.754,0,1,1,0,25,6,0,20,15,1.33,190,65
69,70,"Pujols, A",LAA,Y,405395,DH,21,58,8,18,2,0,5,19,3,6,0,0,.310,.338,.603,.942,0,1,0,3,35,7,3,20,20,1.00,153,65
70,71,"Cruz, N",SEA,Y,443558,DH,22,55,7,17,0,0,4,10,8,7,0,0,.309,.394,.527,.921,0,1,0,2,29,4,2,14,21,0.67,222,66
71,71,"Johnson, K",ATL,N,430637,3B,23,55,11,17,4,1,2,9,11,12,0,0,.309,.441,.527,.968,0,2,0,0,29,7,4,22,8,2.75,133,69
72,73,"Gennett, S",MIL,Y,571697,2B,23,65,14,20,7,0,1,9,0,12,0,1,.308,.303,.462,.765,0,0,0,1,30,8,2,25,11,2.27,135,66
73,74,"Cabrera, M",CWS,Y,466320,LF,20,59,9,18,2,0,1,6,4,6,0,0,.305,.348,.390,.738,0,1,0,2,23,3,1,19,19,1.00,123,66
74,74,"Headley, C",NYY,Y,452104,3B,21,59,5,18,5,0,3,8,4,17,0,0,.305,.349,.542,.892,0,0,0,0,32,8,1,17,8,2.13,145,63
75,74,"Moore, T",WSH,Y,489138,1B,22,59,4,18,8,1,1,8,2,11,0,0,.305,.323,.525,.848,0,0,0,1,31,10,0,11,20,0.55,99,62
76,74,"Segura, J",MIL,Y,516416,SS,23,59,14,18,5,1,0,5,4,10,2,0,.305,.349,.424,.773,0,0,0,0,25,6,4,25,10,2.50,139,63
77,74,"Solarte, Y",SD,Y,500208,3B,24,59,10,18,2,0,2,8,3,8,0,0,.305,.339,.441,.779,0,0,0,0,26,4,2,15,20,0.75,180,62
78,79,"Schafer, L",MIL,Y,502582,CF,27,56,7,17,2,0,1,7,5,8,2,1,.304,.361,.393,.754,0,0,0,0,22,3,1,14,18,0.78,126,61
79,80,"Maybin, C",SD,Y,457727,CF,17,53,9,16,2,0,1,5,4,15,3,2,.302,.351,.396,.747,0,0,0,0,21,3,0,12,10,1.20,199,57
80,80,"Yelich, C",MIA,Y,592885,LF,19,53,9,16,2,1,0,5,5,7,2,0,.302,.362,.377,.739,0,0,0,0,20,3,1,23,8,2.88,93,58
81,82,"Dominguez, C",CIN,Y,458689,3B,27,60,10,18,7,0,3,14,2,17,1,2,.300,.317,.567,.884,0,0,0,1,34,10,2,20,8,2.50,135,63
82,83,"Gose, A",DET,Y,543238,CF,24,67,12,20,4,3,0,7,5,19,6,2,.299,.356,.448,.804,0,1,1,0,30,7,0,19,10,1.90,134,74
83,84,"Reyes, J",TOR,Y,408314,SS,20,57,9,17,5,2,1,7,2,5,3,0,.298,.317,.509,.825,0,0,0,1,29,8,1,16,21,0.76,91,60
84,85,"Eaton, A",CWS,Y,594809,CF,17,47,6,14,2,0,0,4,9,11,5,1,.298,.441,.340,.781,0,3,1,0,16,2,0,14,9,1.56,148,60
85,86,"Canha, M",OAK,Y,592192,LF,29,74,13,22,7,0,6,13,4,23,0,0,.297,.342,.635,.977,0,1,0,0,47,13,0,13,16,0.81,206,79
86,87,"Ramirez, A",CWS,N,493351,SS,21,64,4,19,5,0,0,17,2,4,2,1,.297,.309,.375,.684,0,0,0,2,24,5,2,23,22,1.05,110,68
87,87,"Rua, R",TEX,Y,607387,LF,22,64,7,19,6,2,2,11,3,14,0,0,.297,.338,.547,.885,0,1,0,0,35,10,3,24,10,2.40,231,68
88,89,"Goldschmidt, P",ARI,Y,502671,1B,22,58,9,17,6,0,3,9,10,17,2,0,.293,.391,.552,.943,0,0,0,1,32,9,0,11,14,0.79,256,69
89,90,"Morales, K",KC,Y,434778,DH,25,72,6,21,5,0,3,8,4,17,0,0,.292,.329,.486,.815,0,0,0,0,35,8,0,22,12,1.83,248,76
90,91,"Seager, K",SEA,Y,572122,3B,23,55,9,16,3,1,3,13,10,7,0,1,.291,.391,.545,.937,0,1,0,3,30,7,4,18,21,0.86,233,69
91,91,"Springer, G",HOU,Y,543807,RF,19,55,13,16,3,1,3,6,8,16,2,1,.291,.391,.545,.936,0,1,0,0,30,7,0,15,8,1.88,137,65
92,93,"Pompey, D",TOR,Y,592647,CF,22,62,8,18,3,2,1,4,5,13,3,1,.290,.343,.452,.795,0,0,1,0,28,6,1,17,16,1.06,136,68
93,94,"Villar, J",HOU,Y,542340,SS,24,52,6,15,3,3,0,9,4,14,2,0,.288,.362,.462,.824,0,2,2,0,24,6,1,18,8,2.25,113,60
94,95,"Semien, M",OAK,Y,543760,SS,24,66,14,19,5,0,3,11,9,15,0,1,.288,.382,.500,.882,0,1,0,0,33,8,1,12,21,0.57,190,76
95,96,"Cabrera, E",BAL,Y,465784,SS,25,63,11,18,3,2,1,5,7,9,3,3,.286,.357,.444,.802,0,0,0,0,28,6,3,34,5,6.80,115,70
96,96,"Gyorko, J",SD,Y,576397,2B,21,56,7,16,4,0,2,7,5,20,0,0,.286,.365,.464,.829,0,2,0,0,26,6,0,8,12,0.67,244,63
97,96,"Ynoa, R",COL,Y,501255,3B,28,63,8,18,3,0,0,6,2,7,1,0,.286,.308,.333,.641,0,0,0,0,21,3,3,29,12,2.42,182,65
98,99,"Cuddyer, M",NYM,N,150212,LF,21,60,9,17,5,0,6,9,1,9,0,0,.283,.295,.667,.962,0,0,0,0,40,11,3,21,16,1.31,95,61
99,100,"Martin, L",TEX,Y,547982,CF,20,57,10,16,1,0,3,9,5,8,3,2,.281,.339,.456,.795,0,0,0,0,26,4,0,19,14,1.36,195,62
100,101,"Vargas, K",MIN,Y,573627,1B,22,68,8,19,2,0,4,10,5,14,0,0,.279,.329,.485,.814,0,0,0,0,33,6,4,27,12,2.25,124,73
101,102,"Aybar, E",LAA,Y,430947,SS,22,61,5,17,2,2,1,5,1,6,1,0,.279,.290,.426,.717,0,0,0,0,26,5,0,16,22,0.73,118,62
102,102,"Calhoun, K",LAA,Y,594777,RF,22,61,9,17,1,0,1,7,4,10,1,0,.279,.333,.344,.678,0,1,0,0,21,2,0,12,22,0.55,140,66
103,104,"Galvis, F",PHI,Y,520471,SS,23,72,7,20,1,0,2,7,3,8,0,0,.278,.307,.375,.682,0,0,2,0,27,3,0,23,23,1.00,119,77
104,105,"Adams, M",STL,Y,571431,1B,20,51,2,14,3,0,1,7,3,6,0,0,.275,.309,.392,.701,0,0,0,1,20,4,1,14,19,0.74,80,55
105,105,"Longoria, E",TB,Y,446334,3B,21,51,8,14,1,0,3,10,2,18,0,0,.275,.310,.471,.781,0,2,0,3,24,4,0,7,15,0.47,114,58
106,107,"Butler, B",OAK,N,456714,DH,22,59,11,16,4,0,5,15,9,13,0,0,.271,.362,.593,.956,1,0,0,1,35,9,1,16,16,1.00,167,69
107,108,"McGehee, C",SF,N,431171,3B,24,63,8,17,5,0,0,5,5,9,0,1,.270,.324,.349,.673,0,0,0,0,22,5,1,19,19,1.00,138,68
108,109,"Prado, M",MIA,Y,445988,3B,20,56,6,15,3,0,0,4,3,3,1,0,.268,.305,.321,.627,0,0,0,0,18,3,5,30,13,2.31,75,59
109,110,"Davis, R",DET,Y,434658,CF,21,60,8,16,4,1,0,6,5,13,4,1,.267,.313,.367,.680,0,0,0,2,22,5,1,19,15,1.27,116,67
110,110,"Harper, B",WSH,Y,547180,RF,19,45,9,12,2,1,3,8,15,11,1,1,.267,.450,.556,1.006,0,0,0,0,25,6,0,15,7,2.14,139,60
111,112,"Flores, W",NYM,Y,527038,SS,21,64,7,17,6,0,2,9,3,7,1,0,.266,.304,.453,.757,0,1,0,1,29,8,1,23,19,1.21,106,69
112,113,"Ramirez, H",BOS,Y,434670,LF,20,57,4,15,5,0,1,12,1,5,0,0,.263,.283,.404,.687,0,1,0,1,23,6,4,29,13,2.23,78,60
113,114,"Crawford, B",SF,Y,543063,SS,22,61,5,16,5,1,0,5,4,8,2,0,.262,.318,.377,.695,0,1,0,0,23,6,4,28,13,2.15,132,66
114,114,"Gosselin, P",ATL,Y,594838,2B,27,61,4,16,0,0,0,8,4,11,1,0,.262,.303,.262,.565,0,0,0,1,16,0,2,20,17,1.18,102,66
115,116,"Callaspo, A",ATL,Y,430948,3B,23,69,9,18,1,0,0,5,1,1,0,0,.261,.268,.275,.543,0,0,0,1,19,1,2,27,26,1.04,84,71
116,116,"Uggla, D",WSH,N,462564,2B,23,46,9,12,3,0,2,6,13,9,1,0,.261,.433,.457,.890,0,1,0,0,21,5,0,15,10,1.50,125,60
117,118,"Venable, W",SD,N,461416,CF,18,50,7,13,4,0,1,7,6,15,2,1,.260,.339,.400,.739,0,0,0,0,20,5,1,15,8,1.88,192,56
118,119,"Myers, W",SD,Y,571976,CF,18,58,6,15,4,0,3,5,5,13,1,2,.259,.317,.483,.800,0,0,0,0,28,7,0,15,15,1.00,209,63
119,120,"Tomas, Y",ARI,Y,630111,3B,24,70,5,18,3,1,2,12,3,16,0,1,.257,.307,.414,.721,0,2,0,0,29,6,1,23,14,1.64,215,75
120,121,"Arenado, N",COL,Y,571448,3B,21,63,8,16,5,0,5,15,2,7,0,0,.254,.273,.571,.844,0,0,0,1,36,10,1,23,19,1.21,210,66
121,121,"Tejada, R",NYM,Y,514913,SS,22,63,9,16,8,0,0,12,5,8,0,0,.254,.304,.381,.685,0,0,1,1,24,8,1,17,25,0.68,111,70
122,123,"Fuld, S",OAK,Y,453539,LF,22,67,11,17,5,3,0,8,3,9,1,0,.254,.282,.418,.700,0,0,0,1,28,8,3,32,13,2.46,174,71
123,124,"Craig, A",BOS,Y,501800,RF,19,52,4,13,2,0,2,9,7,15,0,1,.250,.333,.404,.737,0,0,0,1,21,4,2,16,11,1.45,117,60
124,124,"Davis, C",BAL,Y,448801,1B,20,60,5,15,3,0,3,12,5,20,1,0,.250,.313,.450,.763,0,1,0,1,27,6,2,16,12,1.33,128,67
125,124,"Field, T",TEX,Y,474494,2B,24,56,10,14,3,1,2,9,4,12,0,0,.250,.311,.446,.758,0,1,2,0,25,6,1,16,17,0.94,195,63
126,124,"Gomez, H",MIL,Y,467143,2B,27,56,4,14,2,0,1,4,1,9,0,0,.250,.263,.339,.602,0,0,2,0,19,3,3,20,18,1.11,104,59
127,124,"Grichuk, R",STL,Y,545341,CF,20,44,10,11,1,0,4,10,8,10,0,0,.250,.365,.545,.911,0,0,0,0,24,5,1,11,13,0.85,100,52
128,124,"Morrison, L",SEA,Y,489149,1B,22,60,7,15,4,1,2,7,4,8,0,0,.250,.297,.450,.747,0,0,0,0,27,7,1,20,18,1.11,174,64
129,124,"Parra, G",MIL,Y,467827,LF,23,56,8,14,2,0,1,11,5,13,0,2,.250,.317,.339,.657,0,1,0,1,19,3,4,21,13,1.62,140,63
130,131,"Castellanos, N",DET,Y,592206,3B,24,61,5,15,2,0,1,10,4,15,0,0,.246,.299,.328,.626,0,1,0,1,20,3,0,9,23,0.39,110,67
131,131,"Perez, H",DET,Y,541650,2B,28,61,5,15,1,1,0,4,4,16,1,2,.246,.299,.295,.594,0,1,0,1,18,2,1,19,13,1.46,121,67
132,133,"Campbell, E",NYM,Y,493472,1B,25,57,10,14,6,1,2,9,8,13,1,0,.246,.358,.491,.849,0,2,0,0,28,9,2,17,15,1.13,129,67
133,134,"Beckham, T",TB,Y,542921,2B,22,53,7,13,2,1,0,3,4,13,2,0,.245,.310,.321,.631,0,1,0,0,17,3,0,15,12,1.25,109,58
134,135,"Machado, M",BAL,Y,592518,3B,20,62,7,15,3,0,1,4,2,12,3,0,.242,.273,.339,.611,0,1,0,1,21,4,1,17,20,0.85,101,66
135,135,"Polanco, G",PIT,Y,570256,LF,20,62,11,15,4,0,2,6,2,9,2,2,.242,.277,.403,.680,0,1,0,0,25,6,3,17,24,0.71,97,65
136,137,"Desmond, I",WSH,Y,435622,SS,20,55,5,13,4,1,0,6,5,22,4,1,.236,.295,.345,.641,0,0,0,1,19,5,1,12,10,1.20,129,61
137,137,"Duda, L",NYM,Y,446263,1B,18,55,5,13,1,1,3,11,5,23,0,0,.236,.311,.455,.766,0,1,0,0,25,5,1,8,12,0.67,142,61
138,137,"Loney, J",TB,Y,425766,1B,20,55,5,13,3,0,1,6,2,5,0,0,.236,.263,.345,.609,0,0,0,0,19,4,0,21,16,1.31,86,57
139,140,"Gentry, C",OAK,Y,502226,LF,22,60,13,14,4,1,0,6,7,12,4,3,.233,.329,.333,.662,0,2,0,1,20,5,1,16,20,0.80,155,70
140,141,"Asche, C",PHI,Y,605125,3B,21,56,5,13,2,0,3,11,3,11,0,1,.232,.279,.429,.707,0,1,2,1,24,5,2,18,19,0.95,135,63
141,142,"Gonzalez, A",LAD,Y,408236,1B,23,63,6,14,3,0,2,11,3,9,0,0,.222,.254,.365,.619,0,0,0,1,23,5,1,23,19,1.21,142,67
142,142,"Ozuna, M",MIA,Y,542303,CF,22,63,5,14,3,1,2,9,7,17,1,0,.222,.296,.397,.693,0,0,0,1,25,6,1,21,13,1.62,134,71
143,142,"Ramirez, J",CLE,Y,608070,SS,21,63,7,14,0,1,1,6,2,10,2,1,.222,.246,.302,.548,0,0,2,0,19,2,0,19,22,0.86,138,67
144,142,"Smoak, J",TOR,Y,475253,1B,24,54,8,12,2,0,4,9,9,13,0,0,.222,.344,.481,.825,0,1,0,0,26,6,1,19,11,1.73,140,64
145,146,"Santana, C",CLE,Y,467793,1B,23,64,8,14,2,0,3,12,8,16,0,0,.219,.303,.391,.693,0,1,0,3,25,5,3,29,11,2.64,161,76
146,147,"Carter, C",HOU,Y,474892,1B,17,46,4,10,5,0,2,11,7,15,0,0,.217,.321,.457,.777,0,0,0,0,21,7,2,11,12,0.92,120,53
147,148,"Beckham, G",CWS,Y,493596,3B,22,60,8,13,5,0,1,9,6,7,0,0,.217,.288,.350,.638,0,0,0,0,21,6,3,25,18,1.39,153,66
148,148,"Gillaspie, C",CWS,Y,543216,3B,20,60,0,13,2,0,0,3,2,7,0,0,.217,.242,.250,.492,0,0,0,0,15,2,2,21,21,1.00,111,62
149,150,"Piscotty, S",STL,Y,572039,RF,26,51,3,11,2,0,0,7,3,13,3,2,.216,.268,.255,.523,0,1,0,1,13,2,0,14,14,1.00,94,56
150,151,"Panik, J",SF,Y,605412,2B,23,72,11,15,5,0,3,4,3,4,2,0,.208,.260,.403,.663,0,2,0,0,29,8,1,25,29,0.86,164,77
151,152,"Featherston, T",LAA,Y,605227,3B,26,53,8,11,3,0,0,7,2,12,2,2,.208,.246,.264,.510,0,1,3,1,14,3,2,25,11,2.27,116,60
152,153,"Ruf, D",PHI,Y,573131,1B,24,63,6,13,3,0,2,4,2,14,1,0,.206,.242,.349,.592,0,1,0,0,22,5,2,22,16,1.38,123,66
153,154,"Revere, B",PHI,Y,519184,LF,23,73,8,15,0,0,1,3,3,11,5,1,.205,.247,.247,.493,0,1,3,0,18,1,1,31,20,1.55,130,80
154,155,"Phillips, B",CIN,Y,408252,2B,20,55,4,11,6,0,0,6,8,13,0,1,.200,.302,.309,.611,0,0,0,0,17,6,0,14,17,0.82,140,63
155,155,"Singleton, J",HOU,Y,572138,1B,19,50,3,10,6,0,0,4,5,18,0,0,.200,.273,.320,.593,0,0,0,0,16,6,0,7,15,0.47,110,55
156,157,"Jimenez, L",MIL,Y,499864,3B,27,56,6,11,3,0,2,12,2,11,0,1,.196,.237,.357,.594,0,1,0,0,20,5,2,17,19,0.89,125,59
157,157,"Martin, R",TOR,Y,431145,C,20,56,5,11,1,0,1,2,9,14,0,0,.196,.308,.268,.576,0,0,0,0,15,2,2,24,10,2.40,150,65
158,157,"Plouffe, T",MIN,Y,461858,3B,18,56,6,11,3,0,1,2,5,13,0,0,.196,.258,.304,.562,0,0,0,1,17,4,2,20,15,1.33,104,62
159,160,"Aoki, N",SF,Y,493114,LF,23,72,3,14,1,3,0,1,9,6,1,0,.194,.293,.292,.584,0,1,0,0,21,4,2,37,17,2.18,186,82
160,161,"Rutledge, J",LAA,Y,592710,2B,23,53,5,10,1,0,0,7,4,14,0,0,.189,.241,.208,.449,0,0,0,1,11,1,1,16,15,1.07,126,58
161,162,"Gardner, B",NYY,Y,458731,LF,22,59,3,11,0,1,0,3,9,16,2,1,.186,.294,.220,.514,0,0,0,0,13,1,0,17,15,1.13,143,68
162,163,"Lambo, A",PIT,Y,518911,RF,26,60,6,11,6,0,0,2,3,12,0,0,.183,.222,.283,.506,0,0,0,0,17,6,0,22,15,1.47,110,63
163,164,"Escobar, A",KC,Y,444876,SS,21,61,6,11,4,0,0,2,4,7,0,0,.180,.231,.246,.477,0,0,0,0,15,4,4,31,16,1.94,188,65
164,165,"Gomes, J",ATL,N,430404,LF,21,56,5,10,1,0,1,8,5,17,0,0,.179,.277,.250,.527,0,3,0,1,14,2,0,7,23,0.30,125,65
165,166,"Howard, R",PHI,Y,429667,1B,26,74,9,13,3,0,3,10,6,23,0,0,.176,.247,.338,.585,0,1,0,0,25,6,3,23,18,1.28,168,81
166,167,"Rizzo, A",CHC,Y,519203,1B,20,58,8,10,3,0,2,9,5,8,1,0,.172,.250,.328,.578,0,1,0,0,19,5,1,20,21,0.95,141,64
167,168,"Bourjos, P",STL,Y,488721,CF,19,47,8,7,1,1,1,2,4,12,5,2,.149,.231,.277,.507,0,1,1,0,13,3,1,13,17,0.76,99,53
168,169,"Hernandez, C",PHI,Y,514917,SS,27,56,5,8,5,0,0,2,7,13,2,1,.143,.250,.232,.482,0,1,2,0,13,5,1,25,13,1.92,132,66
169,170,"Bonifacio, E",CWS,Y,466988,2B,23,54,10,7,3,1,0,0,6,10,2,1,.130,.230,.222,.452,0,1,0,0,12,4,1,25,13,1.92,143,61
170,170,"Souza Jr., S",TB,Y,519306,RF,19,54,5,7,1,0,2,8,4,17,2,0,.130,.203,.259,.463,0,1,0,0,14,3,0,18,12,1.50,113,59
171,172,"Espinosa, D",WSH,Y,457787,SS,21,56,4,7,2,0,1,2,5,18,1,0,.125,.197,.214,.411,0,0,0,0,12,3,0,21,10,2.10,115,61
